-,AGUA DE DIOS,ALBÁN,ANAPOIMA,ANOLAIMA,APULO,ARBELÁEZ,BELTRÁN,BITUIMA,BOGOTÁ,BOJACÁ,CABRERA,CACHIPAY,CAJICÁ,CAPARRAPÍ,CAQUEZA,CARMEN DE CARUPA,CHAGUANÍ,CHÍA,CHIPAQUE,CHOACHÍ,CHOCONTÁ,COGUA,COTA,CUCUNUBÁ,EL COLEGIO,EL PEÑÓN,EL ROSAL,FACATATIVÁ,FOMEQUE,FOSCA,FUNZA,FÚQUENE,FUSAGASUGÁ,GACHALA,GACHANCIPÁ,GACHETÁ,GAMA,GIRARDOT,GRANADA,GUACHETÁ,GUADUAS,GUASCA,GUATAQUÍ,GUATAVITA,GUAYABAL DE SIQUIMA,GUAYABETAL,GUTIÉRREZ,JERUSALÉN,JUNÍN,LA CALERA,LA MESA,LA PALMA,LA PEÑA,LA VEGA,LENGUAZAQUE,MACHETA,MADRID,MANTA,MEDINA,MOSQUERA,NARIÑO,NEMOCÓN,NILO,NIMAIMA,NOCAIMA,PACHO,PAIME,PANDI,PARATEBUENO,PASCA,PUERTO SALGAR,PULÍ,QUEBRADANEGRA,QUETAME,QUIPILE,RICAURTE,SAN ANTONIO DEL TEQUENDAMA,SAN BERNARDO,SAN CAYETANO,SAN FRANCISCO,SAN JUAN DE RÍO SECO,SASAIMA,SESQUILÉ,SIBATÉ,SILVANIA,SIMIJACA,SOACHA,SOPÓ,SUBACHOQUE,SUESCA,SUPATÁ,SUSA,SUTATAUSA,TABIO,TAUSA,TENA,TENJO,TIBACUY,TIBIRITA,TOCAIMA,TOCANCIPÁ,TOPAIPÍ,UBALÁ,UBAQUE,UNE,ÚTICA,VENECIA,VERGARA,VIANÍ,VILLA DE SAN DIEGO DE UBATE,VILLAGÓMEZ,VILLAPINZÓN,VILLETA,VIOTÁ,YACOPÍ,ZIPACÓN,ZIPAQUIRÁ
AGUA DE DIOS,1,179,44,129,31,116,104,185,173,139,172,200,192,236,231,286,198,178,206,236,231,212,157,270,86,325,164,154,270,266,135,279,95,388,203,306,335,34,116,301,185,233,74,237,194,261,315,44,315,208,65,302,278,198,296,243,137,277,412,136,61,226,34,238,216,269,378,94,403,117,190,120,255,248,121,30,114,140,360,198,162,219,218,141,103,301,136,202,183,225,234,290,247,187,236,82,171,122,272,26,201,373,353,256,233,245,135,245,177,256,331,237,226,39,310,137,208
ALBÁN,175,1,136,58,147,166,122,38,93,49,259,149,112,186,169,205,91,97,144,158,151,132,76,190,164,189,49,26,192,204,57,199,134,308,123,226,255,191,101,221,126,152,148,157,19,199,253,183,235,131,114,202,130,85,215,163,48,197,350,65,163,146,206,115,94,178,293,181,341,157,187,123,99,186,67,203,100,206,279,85,73,42,137,96,128,221,92,122,71,145,121,209,166,98,155,101,82,153,192,168,120,237,273,178,170,118,221,123,45,176,245,156,62,174,260,50,128
ANAPOIMA,45,140,1,90,17,159,120,141,134,100,216,216,153,252,192,247,182,139,167,197,192,173,118,231,80,286,125,115,231,227,96,240,138,349,164,267,296,62,110,262,201,194,93,198,155,222,276,56,276,169,26,318,239,159,257,204,98,238,373,97,86,187,76,199,177,230,339,138,364,161,206,132,216,210,82,73,74,184,321,159,164,180,179,102,137,262,97,163,144,186,195,251,208,148,197,43,132,140,233,39,162,334,314,217,194,235,178,206,147,217,292,198,187,44,326,98,169
ANOLAIMA,130,57,91,1,102,193,164,83,120,75,287,205,140,241,194,233,133,125,169,183,178,160,104,217,155,245,90,71,217,229,83,226,162,335,151,253,283,146,129,248,182,180,178,184,65,225,278,141,263,155,69,257,186,126,243,190,73,224,375,90,171,174,161,170,150,219,334,209,367,184,242,165,154,212,55,157,97,234,320,126,115,97,165,124,156,248,119,150,112,172,162,237,194,134,183,64,118,180,220,123,148,293,300,203,196,173,249,179,90,204,286,184,118,129,315,44,155
APULO,29,151,17,102,1,143,104,153,145,111,200,200,165,237,204,258,198,150,178,208,203,185,129,242,75,298,136,126,242,239,108,251,122,360,176,278,308,46,118,273,185,205,77,209,166,234,287,41,288,180,37,302,251,170,268,215,109,249,384,108,70,199,60,211,188,242,351,122,376,145,190,116,227,221,94,57,87,168,333,170,162,191,190,113,130,273,109,175,155,197,206,262,219,159,208,54,143,124,245,23,173,345,325,228,205,246,162,217,158,229,303,209,199,28,310,110,180
ARBELÁEZ,126,165,168,188,154,1,167,201,140,139,130,262,174,299,190,267,260,168,165,199,210,194,143,252,157,307,150,140,233,225,121,261,43,365,182,283,313,109,69,283,247,210,137,216,182,220,274,168,292,173,144,365,265,184,277,222,123,256,371,122,123,208,116,224,202,251,360,64,362,65,253,199,241,207,216,102,121,42,342,184,224,205,197,96,56,283,95,182,169,204,220,271,228,173,217,132,157,76,251,150,180,355,330,219,192,260,92,231,208,238,312,216,212,163,373,144,190
BELTRÁN,107,121,119,165,106,155,1,84,212,168,212,99,231,135,277,325,97,217,251,277,270,251,196,309,161,266,168,145,311,311,176,318,134,427,242,345,374,72,156,340,84,272,29,276,105,307,360,64,354,250,140,201,213,175,335,282,167,316,457,184,44,265,96,198,177,294,383,134,449,157,89,64,182,294,130,84,189,180,395,192,61,152,257,187,142,340,182,241,191,264,228,328,285,217,275,157,201,162,311,96,240,314,392,297,278,144,174,206,76,295,335,275,152,114,209,169,247
BITUIMA,189,37,144,82,156,201,86,1,129,85,294,116,148,153,205,241,54,133,179,194,187,168,112,226,200,216,85,62,228,240,93,234,170,343,159,261,291,154,137,256,93,188,112,193,22,235,288,146,271,167,131,219,157,124,251,199,83,232,385,101,127,182,178,141,121,214,329,216,377,192,153,86,126,222,59,166,135,242,315,121,36,68,173,132,164,256,127,158,107,180,157,245,202,134,191,137,118,188,228,178,156,264,308,214,206,145,257,150,8,212,281,192,89,182,227,85,164
BOGOTÁ,173,93,134,120,145,140,212,129,1,70,232,204,39,233,104,132,182,32,79,88,73,63,30,116,137,171,49,67,122,139,41,124,113,230,46,148,178,184,80,146,174,75,213,80,111,138,191,179,158,45,107,254,165,84,141,86,52,119,288,72,200,72,193,125,102,115,224,160,279,136,235,215,141,125,148,179,92,185,206,84,165,134,60,72,107,146,49,45,62,67,120,135,92,53,81,94,53,132,115,161,43,218,195,114,109,160,201,131,137,102,176,79,113,159,274,73,53
BOJACÁ,137,49,98,72,110,141,170,86,70,1,234,197,90,234,145,183,139,75,119,133,128,110,54,168,140,223,44,24,168,179,33,176,110,285,101,203,233,154,76,198,174,130,196,134,67,175,228,149,213,105,76,263,161,80,193,141,23,174,325,40,178,124,168,121,98,167,276,156,317,132,234,171,137,162,104,165,75,182,258,80,121,89,115,71,104,198,67,100,67,122,116,187,144,84,133,63,68,128,170,131,98,271,250,154,146,156,197,127,93,154,228,134,110,136,283,29,105
CABRERA,174,256,216,279,203,128,215,296,232,230,1,310,265,347,267,359,309,259,241,290,301,285,234,343,248,398,241,231,324,302,213,352,139,456,274,374,404,157,161,374,295,301,185,307,274,297,350,216,384,265,237,413,356,275,369,314,214,347,447,213,172,300,164,316,293,343,452,80,439,162,301,247,332,284,293,151,212,112,434,275,273,296,288,192,147,374,187,273,260,295,311,363,320,264,309,223,248,167,343,199,271,446,421,310,268,351,37,322,288,329,404,307,304,211,421,236,281
CACHIPAY,207,149,220,205,206,256,103,125,204,196,312,1,223,37,297,316,88,208,272,284,262,243,187,301,261,168,161,173,318,332,193,310,235,419,234,337,366,172,248,332,31,263,129,268,145,328,381,164,346,242,240,103,163,125,326,274,195,307,478,212,144,257,196,147,126,206,284,234,469,257,38,165,131,315,181,184,247,280,306,141,142,117,248,243,242,332,238,233,184,256,177,320,277,210,266,248,193,262,303,196,231,216,384,304,299,63,275,155,123,287,237,267,101,214,111,196,239
CAJICÁ,194,117,154,143,166,176,237,153,39,94,269,220,1,253,141,102,206,17,115,122,54,29,39,86,174,142,69,89,156,176,64,95,144,211,26,129,159,210,111,117,197,56,245,60,134,171,224,205,138,58,133,225,188,107,112,66,78,100,321,101,231,43,224,148,125,86,195,191,313,167,257,238,164,158,171,210,118,216,177,107,188,157,41,103,138,117,80,26,47,48,143,106,63,24,52,120,42,163,95,187,24,189,176,142,142,183,232,154,160,73,147,60,136,190,245,99,24
CAPARRAPÍ,237,178,249,235,235,285,133,154,233,226,342,48,255,1,327,327,117,238,302,313,296,248,217,311,291,134,191,202,348,362,223,320,264,448,268,366,396,201,277,342,61,293,159,302,175,357,411,194,376,272,270,69,132,154,337,308,224,342,508,241,174,267,226,177,156,172,250,264,499,287,68,194,128,344,211,213,276,310,272,171,172,147,283,272,272,342,268,263,213,290,207,331,288,240,277,278,223,292,337,226,266,182,413,334,328,84,304,185,153,297,203,302,131,244,77,226,245
CAQUEZA,227,163,188,186,186,187,284,200,104,138,263,285,139,322,1,233,253,133,27,88,175,159,128,217,186,272,138,138,83,35,118,226,156,330,148,248,278,228,123,248,263,175,256,181,181,41,95,238,257,139,166,356,253,173,243,187,121,221,192,142,243,173,235,213,191,216,325,203,183,179,323,285,229,28,218,222,150,228,307,173,235,204,162,115,150,248,92,147,150,169,208,237,193,155,183,153,142,174,216,220,145,320,295,57,31,248,243,219,207,203,278,181,201,201,376,143,155
CARMEN DE CARUPA,285,208,246,235,257,269,329,245,132,186,362,312,102,326,234,1,298,110,208,214,108,91,131,50,267,214,162,180,249,269,155,56,237,297,109,215,245,302,204,78,289,142,337,139,226,264,317,296,224,144,224,298,259,199,75,133,170,166,398,193,324,85,316,239,217,158,158,284,407,260,349,330,256,251,263,303,210,309,101,199,280,248,119,196,231,59,173,112,140,111,222,48,44,117,56,211,135,256,162,279,107,262,262,235,235,275,324,246,252,31,220,114,227,283,318,191,89
CHAGUANÍ,202,91,186,135,201,250,98,54,182,139,307,81,201,118,258,295,1,187,233,247,240,221,166,279,253,249,138,115,281,293,147,288,223,397,212,315,345,167,190,310,58,242,124,246,75,288,342,159,324,220,173,184,186,148,305,252,137,286,439,154,139,235,191,170,150,266,365,229,430,252,118,99,154,276,100,179,189,275,367,165,49,122,227,185,217,310,181,211,161,234,200,299,256,187,245,190,171,242,281,191,210,297,362,267,260,126,270,179,46,265,318,246,124,209,192,139,217
CHÍA,178,101,138,127,150,170,221,137,32,78,263,204,17,241,135,110,190,1,109,115,55,37,23,95,168,150,57,73,150,169,48,103,138,212,28,130,160,194,105,125,181,57,225,61,118,165,218,189,140,59,116,233,172,91,120,68,62,101,315,85,218,51,208,131,109,94,203,185,307,161,241,222,148,152,155,204,102,210,185,91,172,141,42,97,132,125,74,27,55,49,127,114,71,33,60,104,51,156,97,171,25,198,177,135,136,167,225,138,144,81,155,61,120,177,253,83,32
CHIPAQUE,202,138,163,161,174,162,259,175,79,112,238,260,114,297,29,207,227,108,1,104,150,134,102,192,161,247,113,113,101,64,92,201,131,305,122,223,253,203,98,222,238,150,231,156,156,59,112,213,232,113,141,331,228,147,217,162,96,196,210,116,217,148,210,188,165,191,300,178,201,153,298,259,204,46,193,196,125,203,282,147,209,178,137,90,125,223,66,121,125,144,183,211,168,130,157,128,116,149,191,195,120,295,270,73,30,223,218,194,181,178,252,156,176,176,351,118,130
CHOACHÍ,230,157,191,180,203,196,277,193,88,131,289,274,118,311,80,211,246,111,94,1,154,138,117,196,194,251,127,132,37,114,111,204,164,290,126,207,237,236,131,226,251,134,265,141,174,108,175,242,217,98,169,334,242,161,221,166,115,200,259,135,251,152,244,202,179,195,304,211,250,187,312,278,218,95,211,230,155,236,286,161,228,197,140,123,158,226,100,125,139,148,197,215,172,134,161,156,130,183,195,224,123,299,255,23,100,237,252,208,200,182,256,159,190,210,354,136,133
CHOCONTÁ,230,153,191,180,203,210,274,190,73,131,303,257,52,298,175,106,243,55,150,156,1,66,76,61,209,186,110,126,190,210,100,99,179,214,30,132,161,247,145,100,234,58,279,40,171,205,259,242,141,77,169,270,225,144,80,30,115,63,295,138,265,49,258,184,162,130,240,225,304,201,294,275,201,192,208,244,155,251,214,144,225,194,20,138,173,121,114,45,96,30,180,110,84,74,80,157,92,197,59,224,35,234,179,176,176,220,266,191,197,77,192,13,173,224,290,136,62
COGUA,217,140,178,166,189,200,261,176,63,117,293,243,33,245,165,84,229,42,140,146,68,1,62,69,199,134,94,112,180,200,87,77,169,229,41,147,176,233,136,99,220,73,269,74,157,195,249,228,156,75,156,217,178,130,94,81,101,114,346,124,255,27,248,171,148,78,187,216,337,191,281,261,187,182,194,234,141,241,151,130,211,180,55,128,163,99,104,43,71,62,142,88,45,49,34,143,67,187,110,210,38,181,194,166,167,206,256,177,183,55,139,74,159,214,237,123,18
COTA,156,79,117,105,128,147,200,116,30,56,240,182,36,219,135,130,168,22,110,119,75,56,1,114,145,169,35,51,153,170,26,123,115,232,47,150,180,172,82,145,160,77,204,81,97,166,219,167,159,72,95,253,150,70,140,87,40,121,316,63,197,70,187,110,88,113,223,162,307,138,220,200,126,153,134,183,81,187,204,69,150,119,62,77,109,145,77,46,47,69,105,134,91,48,80,82,36,133,116,149,45,217,197,139,137,145,202,116,122,100,175,81,98,155,273,62,52
CUCUNUBÁ,270,193,231,219,242,253,314,229,116,170,347,296,86,310,218,50,282,95,193,199,61,75,115,1,252,199,147,165,233,253,140,43,222,270,86,188,217,286,189,59,274,114,322,96,210,248,302,281,197,128,209,282,244,183,34,86,154,119,351,177,309,69,301,224,201,143,207,269,360,244,334,314,240,236,247,288,195,294,150,183,264,233,76,181,216,65,158,96,124,64,207,54,28,102,40,196,120,240,115,263,91,247,235,219,220,259,309,230,236,21,204,67,212,267,302,176,74
EL COLEGIO,87,161,85,153,78,162,162,198,137,135,258,257,170,294,186,264,250,164,161,195,206,190,139,248,1,303,146,136,229,221,118,257,131,361,179,279,309,104,98,279,242,206,135,212,179,216,270,98,288,170,89,360,261,180,274,218,119,252,367,118,128,204,118,220,198,247,356,180,358,153,248,174,237,203,158,115,76,203,338,180,220,201,193,93,125,279,91,178,165,200,216,268,224,169,214,106,153,136,247,80,176,351,326,215,188,256,220,227,204,234,309,212,209,48,368,141,186
EL PEÑÓN,324,186,285,242,296,308,264,213,171,231,401,179,141,131,273,212,249,149,247,253,182,133,170,197,306,1,188,211,288,308,194,206,276,342,154,260,290,333,243,228,192,187,290,188,194,303,356,325,269,189,263,103,64,142,222,194,209,228,460,232,305,153,357,102,126,58,136,323,445,299,199,298,140,290,251,345,249,348,158,162,248,155,168,235,270,228,212,156,165,176,123,216,173,156,162,250,174,295,223,318,151,49,307,274,274,125,363,129,220,183,88,187,135,322,123,232,130
EL ROSAL,162,52,123,88,135,153,173,88,49,44,246,157,69,194,143,160,141,54,117,129,107,87,33,145,151,186,1,24,163,178,38,153,122,264,79,182,212,179,88,175,134,109,199,113,69,173,226,174,191,87,101,227,125,44,170,119,37,153,323,52,214,101,193,84,62,131,240,168,315,144,194,173,101,160,106,190,87,194,231,44,123,92,94,83,116,175,84,78,24,101,80,164,121,50,110,89,38,140,148,156,77,234,229,149,144,120,209,91,95,131,192,113,73,162,247,45,82
FACATATIVÁ,152,31,113,70,124,143,152,67,67,26,236,178,87,215,146,180,120,72,121,135,125,107,51,164,141,214,24,1,169,181,34,173,111,282,98,200,230,168,78,195,156,127,178,131,48,176,230,163,210,106,91,242,140,60,190,137,25,171,327,42,193,121,183,100,77,153,267,158,318,134,216,152,116,163,85,180,77,183,253,59,102,71,112,73,105,195,69,97,46,119,95,184,141,72,130,78,56,130,167,145,95,262,247,155,147,135,198,106,74,151,220,131,91,151,262,27,102
FOMEQUE,300,190,261,213,272,260,311,227,122,165,336,308,151,345,86,245,280,145,100,37,188,172,151,229,259,285,161,165,1,120,145,238,229,323,160,241,271,301,196,260,285,168,329,175,208,114,180,311,251,132,239,368,275,195,255,200,148,233,265,169,315,186,308,235,213,229,338,276,256,251,345,312,252,101,245,294,223,301,320,195,262,231,174,188,223,260,164,159,172,181,231,249,206,167,195,226,164,247,229,293,157,332,288,29,105,271,316,242,234,216,290,193,223,274,388,170,167
FOSCA,262,198,223,221,234,222,319,235,139,172,298,320,174,357,38,267,287,168,61,123,210,194,162,252,221,307,173,173,118,1,152,260,191,365,182,283,312,262,157,282,297,210,291,216,215,59,60,273,292,173,201,390,288,207,277,222,156,256,209,176,277,208,270,248,225,251,360,237,201,213,358,319,264,46,253,256,185,263,342,207,269,238,196,150,185,282,126,181,185,204,243,271,228,190,217,188,176,209,251,255,180,355,330,91,60,283,278,254,241,238,312,215,236,236,410,177,189
FUNZA,136,62,97,85,108,126,183,99,43,36,220,187,62,224,126,155,151,47,100,115,101,82,26,140,125,195,40,37,149,161,1,148,95,258,73,176,205,152,62,170,164,102,184,107,80,156,209,147,185,82,75,257,155,74,165,113,20,146,306,26,177,96,167,114,92,139,248,142,298,118,224,183,131,143,117,163,61,167,230,74,134,102,87,57,89,171,52,72,52,94,110,159,116,56,105,62,41,113,142,129,70,243,223,135,127,150,182,121,106,126,200,106,103,135,277,42,78
FÚQUENE,279,202,240,228,251,262,323,238,125,179,356,305,95,319,227,57,291,104,202,208,101,84,124,43,261,208,156,174,242,262,149,1,231,291,103,209,238,295,198,44,283,135,331,132,219,257,311,290,218,137,218,291,253,192,69,126,163,160,392,186,318,78,310,233,210,152,215,278,400,253,343,323,249,244,256,296,203,303,158,192,273,242,113,190,225,44,166,105,133,105,216,33,37,111,49,205,129,249,155,272,100,256,256,228,229,268,318,239,245,30,213,108,221,276,311,185,83
FUSAGASUGÁ,108,137,139,160,137,45,149,174,112,111,144,244,146,281,162,239,226,140,137,171,182,166,115,224,129,279,122,112,205,197,93,233,1,337,155,255,285,91,41,255,229,182,119,188,154,192,246,150,264,146,117,347,237,156,250,194,95,228,343,94,106,180,98,196,174,223,332,66,334,25,235,181,213,179,188,85,93,86,314,156,207,177,169,53,28,255,67,154,141,176,192,243,200,145,189,104,129,50,223,132,152,327,302,191,164,232,106,203,180,210,285,188,185,145,355,117,162
GACHALA,387,310,348,337,360,367,431,347,230,288,460,414,209,456,332,298,400,212,307,287,218,225,233,272,366,345,267,283,321,367,257,291,336,1,206,87,53,404,302,311,391,162,436,176,328,362,416,399,112,194,326,428,382,301,290,204,272,170,221,295,422,230,415,341,319,289,398,382,263,358,451,432,358,349,365,401,312,408,373,301,382,351,196,295,330,313,271,189,253,212,337,302,259,231,248,314,249,354,201,381,204,393,80,307,333,377,423,348,354,269,350,223,329,381,448,293,220
GACHANCIPÁ,203,126,164,153,175,183,247,163,46,104,276,230,25,271,148,112,216,28,122,129,33,39,49,87,181,159,83,98,163,183,73,106,151,203,1,121,151,220,118,126,207,48,252,39,144,178,231,215,131,50,142,243,197,117,106,45,88,79,311,111,238,40,231,157,135,103,212,198,319,174,267,248,174,165,181,217,128,223,187,117,198,167,20,111,145,128,87,18,69,27,153,116,73,47,63,129,65,170,74,197,8,207,168,149,149,193,239,164,170,83,165,39,145,197,263,109,35
GACHETÁ,303,227,264,253,276,283,347,263,146,204,376,330,125,372,248,214,316,128,223,203,134,141,149,188,282,261,183,199,237,283,174,207,252,84,122,1,32,320,218,227,307,78,352,92,244,278,332,315,28,110,242,344,298,217,206,118,188,84,266,211,338,147,331,257,235,205,314,298,308,274,367,348,274,265,281,317,228,324,289,217,298,267,112,211,246,229,187,105,169,128,253,218,175,147,164,230,165,270,114,297,120,309,49,223,249,293,339,264,270,185,266,139,246,297,364,209,136
GAMA,336,259,297,286,308,316,380,296,179,237,409,363,158,405,281,247,348,161,255,236,166,174,182,221,314,294,215,231,270,316,206,240,284,53,155,36,1,353,251,259,340,111,385,125,277,311,364,347,61,142,275,377,330,250,239,153,220,119,273,244,371,179,364,290,268,238,347,331,316,307,400,380,306,298,314,350,261,356,322,250,331,299,144,243,278,262,220,138,202,160,286,251,208,180,197,262,198,303,149,330,152,341,72,256,282,325,372,297,303,218,299,172,278,330,397,242,169
GIRARDOT,35,192,60,145,46,99,74,155,170,155,155,170,204,206,220,297,168,194,194,228,240,224,173,282,102,337,179,170,263,255,151,290,78,395,212,313,342,1,99,312,154,240,44,246,176,250,304,60,322,203,81,272,284,214,307,252,153,286,401,152,31,238,39,254,232,281,390,77,392,100,160,106,253,237,137,12,130,123,372,214,132,222,227,131,86,312,125,211,199,234,250,301,258,202,247,98,187,105,281,42,210,385,360,249,221,215,118,261,147,268,342,246,223,55,280,153,220
GRANADA,127,102,104,126,115,69,167,139,78,77,162,234,112,271,128,205,192,105,102,136,148,132,80,189,94,245,87,78,170,163,59,198,37,303,120,221,250,109,1,220,212,147,138,154,120,158,211,154,230,111,82,328,202,122,215,160,61,193,308,60,124,146,117,162,140,189,298,84,300,60,253,199,178,145,153,103,58,109,280,121,174,143,134,34,31,220,33,119,107,142,157,209,166,110,155,69,95,56,189,137,117,292,268,156,129,197,125,168,146,176,250,153,150,110,348,82,127
GUACHETÁ,299,223,260,249,272,283,343,259,146,200,376,326,116,340,248,78,312,124,222,229,101,105,145,58,281,228,177,195,263,283,170,43,251,309,126,227,257,316,218,1,303,154,352,135,240,278,331,311,237,158,238,312,273,213,26,125,184,159,391,207,338,99,331,253,231,172,235,298,399,274,363,344,270,265,277,317,224,323,178,213,294,263,116,211,245,60,187,126,154,119,237,48,58,132,70,226,150,270,154,293,121,276,274,249,249,289,339,260,266,51,234,88,242,297,332,205,104
GUADUAS,188,117,200,174,187,236,84,94,173,165,293,26,192,62,266,285,58,177,241,253,231,212,156,270,242,193,130,142,287,301,162,278,215,388,203,306,335,152,217,300,1,232,110,237,114,296,350,145,315,211,230,128,131,94,295,243,163,276,447,181,125,226,177,116,95,212,310,215,438,238,63,145,100,283,150,164,215,261,313,110,106,86,217,212,223,301,207,202,153,224,146,289,246,179,235,217,162,243,272,177,200,241,353,273,268,71,255,124,92,256,262,236,70,195,136,165,208
GUASCA,230,153,191,179,202,210,274,190,72,130,303,256,51,299,175,141,242,55,149,130,60,67,75,114,208,187,109,125,164,209,100,134,178,159,49,77,107,246,145,153,234,1,278,18,170,205,258,241,86,36,169,271,224,144,133,72,114,106,340,137,265,73,257,184,161,131,240,225,346,201,294,274,200,192,208,244,155,250,215,143,224,193,38,137,172,156,114,32,96,54,179,145,102,73,91,156,91,197,101,223,46,235,124,150,176,219,265,190,196,111,193,66,172,224,291,136,63
GUATAQUÍ,78,147,97,182,83,126,30,111,197,195,183,125,231,162,247,324,123,225,222,256,267,251,200,309,138,293,195,172,290,282,178,318,105,422,239,340,370,42,126,340,110,267,1,273,131,277,331,38,349,230,117,228,240,202,334,279,180,313,428,179,15,265,67,224,204,308,410,105,419,127,116,62,208,264,157,54,166,151,399,219,87,178,254,158,113,340,152,239,217,261,254,328,285,230,274,134,214,133,308,69,237,341,387,276,249,170,145,233,103,295,362,273,178,91,236,190,247
GUATAVITA,237,160,198,186,209,217,281,197,80,137,310,263,59,304,182,141,249,62,156,138,42,73,83,96,215,193,116,132,172,217,107,134,185,174,37,92,122,253,152,135,241,19,285,1,178,212,265,248,102,44,176,277,231,151,114,54,121,88,320,144,272,55,264,191,169,137,246,232,328,208,301,281,207,199,215,251,162,257,220,151,231,200,20,144,179,156,121,40,103,36,186,144,102,81,92,163,99,204,83,230,42,241,139,158,183,226,272,197,203,111,198,47,179,231,297,143,69
GUAYABAL DE SIQUIMA,192,18,153,64,164,182,106,22,109,66,275,136,129,173,186,222,74,114,160,174,167,149,93,206,180,196,65,42,209,220,74,215,151,324,140,242,272,174,117,237,113,169,132,173,1,216,269,167,251,147,131,209,137,105,232,179,64,213,366,81,147,163,198,122,101,195,309,197,358,173,173,106,106,203,72,186,116,223,295,101,56,49,154,112,145,237,108,139,88,161,137,226,183,114,172,118,98,169,208,185,137,244,289,194,187,125,238,130,28,193,262,173,69,191,247,66,144
GUAYABETAL,259,195,219,218,231,219,316,231,136,169,295,317,171,354,42,264,284,164,58,118,207,191,159,249,217,304,170,170,113,60,149,257,188,362,179,280,309,259,154,279,294,206,288,213,212,1,118,270,289,170,198,387,285,204,274,219,153,253,154,173,274,205,267,245,222,248,357,234,145,210,354,316,261,28,249,253,181,259,339,204,266,235,193,147,182,279,123,178,182,201,240,268,225,187,214,185,173,206,248,252,177,352,327,86,62,280,275,251,238,235,309,212,233,233,407,174,186
GUTIÉRREZ,313,249,274,272,285,273,370,286,190,224,349,371,225,408,99,319,339,219,113,183,261,245,214,303,272,358,224,224,178,61,204,312,242,416,234,334,364,314,209,334,349,261,342,267,267,119,1,324,343,225,252,442,339,259,329,273,207,307,269,228,329,259,321,299,277,302,411,289,261,265,409,371,315,106,304,308,236,314,393,259,321,290,248,201,236,334,178,233,236,255,294,323,279,241,269,239,228,260,302,306,231,406,381,152,84,334,329,305,293,289,364,267,287,287,462,229,241
JERUSALÉN,44,181,55,140,42,158,64,145,184,150,215,159,203,196,242,297,157,189,217,247,242,223,168,281,97,327,175,165,281,277,146,290,137,399,214,317,346,60,158,312,144,244,37,248,166,272,326,1,326,219,76,262,274,209,307,254,148,288,423,147,52,237,75,249,227,280,389,137,414,159,150,76,243,259,132,71,125,183,371,209,122,212,229,152,145,312,147,213,194,236,245,301,258,198,247,93,182,146,283,32,212,375,364,267,244,205,177,256,137,267,342,248,212,50,270,148,219
JUNÍN,314,237,275,263,286,293,358,273,156,214,387,340,135,383,258,224,326,139,233,213,144,151,159,198,292,271,193,209,248,293,184,218,262,112,133,30,59,330,229,237,318,89,362,102,254,289,342,325,1,120,253,355,308,227,216,147,198,112,293,221,349,157,341,268,245,215,324,309,336,285,378,358,284,276,291,328,238,334,299,227,308,277,122,221,256,240,198,116,180,138,263,228,185,157,175,240,175,280,143,307,130,319,77,234,260,303,349,274,280,195,277,150,256,307,375,220,147
LA CALERA,207,133,168,157,179,177,254,170,49,108,270,239,55,276,142,144,223,58,116,95,80,71,77,128,175,191,92,108,129,177,83,137,145,193,52,111,141,217,112,159,216,38,246,45,151,172,226,218,120,1,146,274,207,126,152,92,92,126,323,112,232,85,225,167,144,135,244,192,314,168,277,255,183,159,188,211,132,217,219,126,205,174,65,105,140,159,81,35,104,74,162,148,105,77,94,133,95,164,121,201,50,238,158,115,143,202,233,173,177,115,196,85,155,191,294,113,66
LA MESA,65,118,25,68,37,149,139,131,112,78,235,235,131,272,170,225,172,117,145,175,170,151,96,209,89,264,102,93,209,205,74,218,118,327,142,245,274,81,85,240,220,172,113,176,133,200,254,76,254,147,1,319,217,137,235,182,76,216,351,75,105,165,95,177,155,208,317,157,342,141,225,152,194,187,72,92,54,190,299,137,154,158,157,80,112,240,75,141,122,164,173,229,185,125,175,21,110,136,211,58,140,312,292,195,172,213,198,184,137,195,270,175,165,64,346,76,147
LA PALMA,302,193,314,249,301,350,198,219,255,240,407,113,225,65,357,296,182,233,331,337,266,217,254,281,356,103,225,217,372,391,257,290,329,426,238,344,374,266,327,312,126,271,224,272,201,387,440,259,353,273,335,1,109,189,306,278,239,311,543,271,239,237,291,150,173,142,220,329,529,352,133,259,128,374,276,278,306,375,242,205,237,162,252,319,337,312,296,240,249,260,207,300,257,240,246,307,258,357,307,291,235,151,391,358,358,84,369,177,218,267,172,271,142,309,57,241,214
LA PEÑA,274,126,235,182,246,265,216,153,161,157,358,119,180,131,254,273,190,165,229,241,219,177,144,258,263,63,118,137,275,289,150,267,233,376,191,294,323,284,200,289,137,220,242,225,134,285,338,277,303,199,213,104,1,82,283,231,148,264,435,164,257,214,308,43,66,102,180,280,426,256,156,238,80,272,191,296,199,305,202,98,188,95,205,195,227,289,196,190,141,213,134,277,234,167,223,200,150,252,260,268,188,111,341,261,256,62,321,69,160,244,132,224,75,273,124,158,174
LA VEGA,196,83,157,123,168,187,173,111,83,80,280,117,102,154,176,195,147,87,151,163,141,122,67,180,185,175,40,59,197,211,72,189,155,298,113,216,245,213,122,211,94,142,199,147,92,207,260,208,225,121,135,187,85,1,205,153,70,187,357,86,214,136,227,45,22,122,228,202,348,178,155,195,61,194,142,224,121,227,223,20,145,52,127,117,149,211,118,112,63,135,56,199,156,89,145,122,72,174,182,190,111,223,263,183,178,80,243,51,117,166,181,146,33,195,207,80,118
LENGUAZAQUE,294,217,255,243,266,277,338,253,140,194,371,320,110,334,242,74,306,119,217,223,80,99,139,33,276,223,171,189,257,277,164,67,246,288,105,206,236,310,213,26,298,133,346,114,234,272,326,305,216,152,233,306,268,207,1,104,178,138,370,201,333,93,325,248,225,167,231,293,378,268,358,338,264,260,271,312,219,318,174,207,288,257,95,205,240,85,182,120,148,94,231,74,52,126,64,220,144,264,133,287,110,271,253,243,244,283,333,254,260,45,228,67,236,291,326,200,98
MACHETA,243,166,204,193,215,223,287,203,86,144,316,270,65,311,188,129,256,68,162,169,31,79,89,85,221,199,123,139,203,223,113,123,191,203,43,118,150,260,158,124,247,71,292,52,184,218,272,255,145,90,182,283,237,157,103,1,128,34,266,151,278,62,271,197,175,143,252,238,275,214,307,288,214,205,221,257,168,263,227,157,238,207,33,151,186,145,127,58,109,43,193,133,108,87,98,169,105,210,30,237,48,247,168,189,189,233,279,204,210,100,205,36,185,237,303,149,75
MADRID,137,53,98,76,109,128,174,90,57,27,221,184,76,221,131,170,142,62,106,120,115,96,41,154,126,209,37,28,154,166,19,163,96,272,87,190,220,154,63,185,162,117,185,121,71,161,215,148,199,92,76,254,152,71,180,127,1,161,312,27,178,111,168,112,89,154,263,143,303,119,222,174,128,148,108,165,62,168,245,71,125,93,102,58,90,185,54,87,57,109,107,174,131,71,120,63,55,115,156,131,85,257,237,140,133,147,183,118,97,141,215,121,100,136,274,33,92
MANTA,277,200,238,226,249,257,321,237,120,177,350,303,99,344,222,163,289,102,196,202,64,113,122,118,255,233,156,172,237,256,147,156,225,168,77,84,116,293,192,157,281,105,325,86,218,252,305,288,111,124,216,316,271,191,137,34,161,1,259,184,312,95,304,231,209,177,286,272,268,248,341,321,247,239,255,291,202,297,260,190,271,240,67,184,219,178,161,92,143,76,226,167,141,121,132,203,139,244,30,270,82,281,133,223,223,266,312,237,243,134,238,70,219,271,337,183,109
MEDINA,409,345,370,368,381,369,466,382,286,319,445,467,321,504,192,392,434,315,208,268,293,342,309,347,368,462,320,320,263,210,299,385,338,221,306,267,272,409,304,386,444,343,438,315,362,153,268,420,292,320,348,537,435,354,366,263,303,255,1,323,424,324,417,395,372,398,507,384,43,360,505,466,411,178,400,403,332,410,489,354,416,385,296,297,332,407,273,321,332,305,390,396,370,337,361,335,323,356,251,402,311,502,219,236,212,430,425,401,388,363,459,299,383,383,558,325,337
MOSQUERA,134,68,95,91,106,125,189,105,78,42,218,200,82,237,153,175,157,67,127,142,120,102,46,160,123,215,53,43,176,188,25,168,93,277,93,195,225,151,60,190,177,122,182,126,86,183,236,145,205,113,73,270,168,87,185,133,26,166,333,1,175,116,165,128,105,159,268,140,325,116,238,190,144,170,123,162,59,165,250,87,140,108,107,55,87,190,51,92,72,114,123,179,136,76,125,60,60,112,162,127,90,263,242,162,154,163,180,134,112,146,220,126,116,133,290,48,97
NARIÑO,64,162,83,168,69,112,45,126,184,177,169,140,217,177,233,311,138,211,208,242,253,237,186,295,124,308,193,187,276,268,165,304,91,408,226,326,356,28,112,326,125,253,15,259,146,263,317,53,335,217,104,243,255,217,321,265,166,299,414,165,1,251,53,239,219,294,403,91,405,113,131,77,224,250,160,40,153,137,385,234,103,193,240,144,99,326,138,225,212,247,270,314,271,216,261,120,200,119,294,64,223,356,373,262,235,185,131,248,118,281,356,259,193,77,251,176,233
NEMOCÓN,223,146,184,173,195,207,267,183,70,124,300,250,40,264,172,87,236,48,146,152,48,29,69,71,205,152,100,118,187,207,93,80,175,228,41,146,176,240,142,102,227,73,275,54,164,202,255,234,156,82,162,236,197,137,97,60,108,94,326,131,262,1,254,177,155,96,205,222,334,198,287,268,194,189,201,241,148,247,165,137,218,186,35,134,169,102,111,50,78,38,160,91,48,55,37,149,73,194,89,217,45,200,193,173,173,213,262,184,190,58,158,54,165,221,256,129,27
NILO,35,202,77,162,63,107,100,182,178,171,163,196,212,233,228,305,194,205,202,236,248,232,180,289,118,345,187,178,270,263,159,298,86,403,220,321,350,42,107,320,181,247,71,254,202,258,311,77,330,211,98,299,310,222,315,260,160,293,408,159,57,246,1,262,239,289,398,85,400,108,186,133,279,245,154,36,147,131,380,221,158,249,234,138,93,320,133,219,207,241,257,309,266,210,255,114,195,101,289,59,217,392,368,256,229,241,126,268,173,276,350,253,249,72,307,170,227
NIMAIMA,236,108,196,165,208,226,198,136,122,119,319,142,141,179,216,235,172,127,190,202,180,162,106,219,225,99,80,98,236,251,112,228,195,337,152,255,285,252,161,250,119,182,224,186,117,246,299,247,264,160,175,142,40,43,245,192,110,226,396,125,239,176,266,1,23,161,216,241,388,217,180,220,62,233,173,263,160,267,263,60,170,77,167,156,189,250,157,152,102,174,96,239,196,129,185,162,111,213,221,229,150,147,302,222,217,101,282,27,142,206,168,186,58,235,162,119,157
NOCAIMA,213,101,174,140,185,204,191,129,100,97,297,135,119,172,193,212,165,104,168,180,158,139,84,197,202,122,57,76,214,228,89,206,172,315,130,233,262,230,139,228,112,159,217,164,109,224,277,225,242,138,152,165,63,21,222,170,87,204,374,103,232,153,244,23,1,139,245,219,365,195,172,213,79,211,159,241,138,244,240,37,163,70,144,134,166,228,135,129,80,152,73,216,173,106,162,139,89,191,199,207,128,170,280,200,195,98,260,30,135,183,198,163,51,212,185,97,135
PACHO,269,183,230,220,241,252,292,220,115,176,345,220,85,172,217,157,266,93,192,198,126,78,114,141,251,60,132,155,232,252,139,150,221,286,99,204,234,285,187,172,214,131,318,132,201,247,301,280,214,133,208,144,105,124,167,138,153,172,404,176,307,98,300,164,141,1,113,268,389,243,239,305,180,234,238,286,193,293,105,105,255,171,113,180,215,172,156,101,110,120,66,161,118,101,107,195,119,239,167,262,96,108,251,218,219,199,308,144,227,128,65,132,152,266,164,176,75
PAIME,378,293,339,329,350,362,382,329,224,285,455,297,195,249,327,157,366,203,301,307,236,187,224,206,360,137,242,265,342,361,248,213,330,396,208,314,343,395,297,235,310,241,408,242,310,357,410,389,323,242,317,221,182,234,232,248,262,281,513,286,423,207,409,220,252,112,1,377,499,353,317,414,258,344,347,396,303,402,58,216,364,282,222,289,324,215,266,210,219,229,177,205,227,210,216,304,228,349,277,371,205,185,361,328,328,243,417,254,336,188,47,241,263,376,241,285,184
PANDI,97,179,139,202,125,64,138,219,154,153,80,233,188,270,204,281,231,182,179,213,224,208,157,266,171,321,164,154,247,239,135,275,62,379,197,297,327,80,83,297,218,224,108,230,196,234,288,139,306,188,160,336,279,198,292,236,137,270,385,136,94,222,87,238,216,265,374,1,376,84,224,170,255,221,216,73,135,47,356,198,195,219,211,115,70,297,109,196,183,218,234,285,242,187,231,146,171,90,265,121,194,369,344,233,206,274,42,245,211,252,327,230,227,134,344,159,204
PARATEBUENO,398,334,359,357,370,358,455,371,275,308,434,456,310,493,182,403,423,304,198,257,305,330,298,359,357,443,309,309,252,199,288,396,327,261,317,307,312,398,293,398,433,344,426,325,351,141,257,408,332,309,337,527,424,344,377,275,292,266,41,313,414,335,406,384,361,387,496,374,1,349,494,456,400,167,389,393,321,399,478,343,406,374,307,286,321,418,263,318,321,317,379,407,364,326,353,324,313,345,262,391,316,491,260,226,202,419,414,390,378,374,449,310,372,372,547,314,326
PASCA,131,159,161,182,159,67,171,196,135,134,166,267,169,303,185,262,249,162,159,193,205,189,137,246,151,302,144,134,227,219,116,255,28,360,177,278,307,113,64,277,252,204,141,211,177,215,268,173,287,168,139,369,259,178,272,217,117,250,365,116,128,203,121,219,196,246,355,88,357,1,257,203,235,202,210,107,115,108,337,178,229,200,191,77,50,277,90,176,163,198,214,265,222,166,211,125,151,72,245,154,174,349,324,213,186,254,129,225,203,233,307,210,207,167,377,139,184
PUERTO SALGAR,189,178,202,235,188,238,86,148,233,226,294,48,253,67,327,346,117,238,301,313,291,273,217,330,243,198,191,202,347,362,223,339,217,448,264,366,396,154,238,361,61,293,112,297,168,357,410,146,375,272,222,132,192,154,356,303,224,337,508,241,126,287,178,176,156,236,314,216,499,239,1,147,161,344,194,166,276,262,336,171,124,147,278,269,224,384,268,263,213,285,207,350,307,240,296,239,222,244,332,178,261,245,413,333,328,93,257,185,140,317,266,297,131,196,140,226,268
PULÍ,120,123,131,168,117,186,63,87,214,171,242,158,234,195,291,327,99,219,265,280,273,254,198,312,172,302,171,148,314,326,179,320,165,429,245,347,377,102,186,342,143,274,60,279,107,321,374,76,357,253,152,261,243,210,337,285,169,318,471,187,75,268,126,227,207,300,415,164,463,187,149,1,211,308,133,114,201,210,400,207,51,154,259,217,172,342,213,244,193,266,243,331,288,220,277,169,204,192,314,108,242,350,394,300,292,230,205,236,79,298,367,278,175,126,269,171,249
QUEBRADANEGRA,266,93,227,149,238,257,185,120,142,141,350,129,161,130,236,255,158,147,210,222,200,181,126,239,255,140,100,117,256,271,132,248,225,357,172,275,305,253,192,270,106,202,211,206,101,266,319,246,284,180,205,130,81,63,265,212,139,246,416,156,226,196,277,65,65,181,288,272,408,248,166,205,1,253,158,265,191,297,283,80,155,62,187,187,219,270,177,172,122,194,116,259,216,148,205,192,131,244,241,260,170,188,322,242,237,47,313,94,127,225,240,206,42,265,205,141,177
QUETAME,246,182,207,205,218,206,303,219,123,157,282,304,158,341,30,252,272,152,46,105,194,178,147,236,205,291,157,157,100,46,137,245,175,349,167,267,297,247,142,267,282,194,275,200,200,24,105,257,277,158,185,375,272,192,262,206,140,240,175,161,262,192,254,232,210,235,344,222,166,198,342,304,248,1,237,241,169,247,326,192,254,223,181,134,169,267,111,166,169,188,227,256,213,174,202,172,161,193,235,239,164,339,314,74,50,267,262,239,226,222,297,200,220,220,395,162,174
QUIPILE,123,68,84,58,95,221,131,59,149,105,294,172,168,209,225,261,99,153,199,214,207,188,132,246,156,255,105,82,248,260,113,254,190,363,179,281,311,140,157,276,149,208,157,213,75,255,308,135,291,187,71,275,196,141,271,219,103,252,405,121,164,202,154,181,160,234,349,216,397,212,199,132,165,242,1,151,122,262,334,141,82,108,193,152,184,276,147,178,127,200,177,265,222,154,211,89,138,208,248,117,176,303,328,234,226,184,256,189,64,232,301,212,128,122,283,100,184
RICAURTE,30,199,71,156,58,93,81,162,164,166,149,177,198,213,214,291,175,191,188,222,234,218,166,276,113,331,173,164,256,249,145,284,72,389,206,307,336,11,93,306,161,233,51,240,183,244,297,71,316,197,92,279,291,208,301,246,147,279,394,146,38,232,33,248,226,275,384,71,386,94,167,113,260,231,148,1,141,117,366,208,139,229,220,124,79,306,119,205,193,228,243,295,252,196,241,109,181,99,275,53,203,379,354,242,215,222,112,254,154,262,336,239,230,66,287,164,213
SAN ANTONIO DEL TEQUENDAMA,109,101,70,92,81,126,184,138,95,72,220,233,115,270,151,208,190,100,125,159,153,135,79,192,76,248,86,76,193,185,58,201,95,310,126,228,258,126,62,223,210,155,157,159,119,181,234,121,238,134,48,303,201,120,218,165,59,199,331,58,150,149,140,161,138,192,301,142,323,118,270,196,177,168,120,137,1,167,283,120,173,141,140,57,89,223,56,125,105,147,156,212,169,109,158,35,93,113,195,103,123,295,275,179,152,196,182,167,145,179,253,159,149,77,323,81,130
SAN BERNARDO,147,208,189,231,175,45,187,245,184,182,116,283,217,319,233,311,281,211,208,242,253,237,186,295,200,350,193,183,276,268,165,304,86,408,226,326,356,129,112,326,268,253,157,259,226,263,317,189,335,217,188,385,308,227,321,265,166,299,414,165,144,251,136,267,245,294,403,51,405,108,273,219,284,250,259,123,164,1,385,227,245,248,240,139,99,326,138,225,212,247,263,314,271,216,261,175,200,120,294,171,223,398,373,262,235,303,79,274,251,281,356,259,256,183,393,188,233
SAN CAYETANO,369,284,330,320,341,353,395,320,216,276,446,318,186,270,318,100,369,194,292,298,227,164,215,150,351,158,233,256,333,353,239,156,321,387,199,305,335,386,288,178,317,232,421,233,301,348,401,380,314,234,308,242,203,227,175,239,254,273,505,277,408,183,400,267,245,103,58,368,490,344,338,405,283,335,338,387,294,393,1,209,355,274,213,280,315,159,257,201,210,221,169,148,144,201,156,295,219,340,268,363,196,206,352,319,319,264,408,247,327,131,104,232,255,367,262,277,175
SAN FRANCISCO,195,86,156,122,167,186,190,122,82,78,279,134,101,171,175,194,164,86,150,162,140,121,65,179,184,159,39,58,196,210,71,188,154,297,112,215,244,212,121,209,111,141,216,146,103,205,259,206,224,120,134,204,102,21,204,152,69,185,356,85,231,135,226,62,39,106,212,201,347,177,172,207,78,193,140,223,120,226,207,1,157,69,126,116,148,210,117,111,62,133,40,198,155,88,144,121,71,173,181,188,109,207,262,182,177,97,241,68,129,165,164,145,50,194,224,79,117
SAN JUAN DE RÍO SECO,166,73,168,117,165,215,63,36,164,121,271,130,183,167,240,277,49,169,215,229,222,203,148,261,220,251,120,97,263,275,129,270,194,379,194,297,327,131,172,292,107,224,89,228,57,271,324,123,306,202,155,233,192,160,287,234,119,268,421,136,104,218,155,177,156,250,364,193,412,216,130,50,161,258,83,143,171,239,350,156,1,104,209,167,201,292,163,194,143,216,192,281,238,169,227,172,153,221,263,155,192,299,344,249,242,180,234,185,28,248,316,228,124,173,241,121,199
SASAIMA,207,34,168,90,179,198,145,61,125,81,291,111,144,148,201,237,114,129,176,190,183,164,108,222,196,151,81,58,224,236,89,231,166,340,155,258,287,214,133,253,89,184,171,189,42,231,285,206,267,163,146,164,92,55,247,195,80,229,382,97,186,178,238,77,56,173,279,213,373,189,149,146,61,218,99,226,132,238,274,71,96,1,169,128,160,253,124,154,103,177,107,241,198,130,187,133,114,185,224,200,152,199,305,210,202,80,253,85,68,208,231,188,24,206,222,82,160
SESQUILÉ,217,140,178,167,189,197,261,177,60,118,290,244,39,285,162,121,230,42,136,143,22,53,63,76,195,173,96,112,177,197,87,114,165,194,17,112,141,234,132,115,221,38,266,19,158,192,245,228,121,63,156,257,211,131,94,34,102,68,300,125,252,35,245,171,149,117,226,212,308,188,281,262,188,179,195,231,142,237,200,131,212,180,1,124,159,136,101,32,83,16,167,125,83,61,72,143,79,184,63,211,22,221,159,163,163,207,253,178,184,91,179,28,159,211,277,123,49
SIBATÉ,135,95,96,118,108,99,194,131,68,69,189,227,101,263,117,195,184,95,92,126,137,121,73,179,94,235,80,70,160,152,51,188,57,292,110,210,240,136,31,210,204,137,165,143,112,148,201,147,220,101,74,318,194,114,205,150,53,183,298,52,151,136,144,154,132,179,288,111,290,77,264,216,171,135,146,130,58,140,270,114,166,135,124,1,58,210,23,109,99,131,150,199,156,103,145,62,87,83,179,129,107,282,257,146,119,190,152,161,138,166,240,143,142,110,338,74,117
SILVANIA,113,126,128,149,142,57,154,163,102,100,149,250,135,286,152,229,216,129,126,160,172,156,104,213,118,269,111,101,194,186,83,222,26,326,144,244,274,96,31,244,234,171,124,178,144,182,235,156,254,135,106,352,226,145,239,184,84,217,332,83,111,170,103,186,163,213,322,71,324,49,240,186,202,169,177,90,82,97,304,145,198,166,158,58,1,244,57,143,130,165,181,233,190,134,179,93,118,24,213,138,141,316,291,180,153,221,111,192,170,200,274,177,174,123,360,106,151
SIMIJACA,299,222,260,248,271,282,343,258,145,199,375,325,115,339,247,58,311,123,222,228,121,104,144,63,281,228,176,194,262,282,169,43,251,311,123,229,258,315,217,58,302,155,351,152,239,277,331,310,238,157,238,311,272,212,84,146,183,180,412,206,337,98,330,253,230,172,215,297,420,273,363,343,269,264,276,316,223,323,158,212,293,262,133,210,245,1,186,125,153,125,236,10,57,131,69,225,149,269,175,292,120,275,276,248,249,288,338,259,265,50,233,128,241,296,331,205,103
SOACHA,138,97,98,120,110,99,197,133,50,71,192,233,84,269,100,177,186,78,74,108,120,104,75,162,97,217,86,72,143,135,53,170,67,275,92,193,222,139,34,192,210,120,168,126,114,130,184,149,202,83,76,300,200,120,187,132,55,166,281,54,154,118,147,160,138,161,270,114,272,90,270,218,177,117,148,133,61,139,252,120,168,137,107,26,61,192,1,91,97,114,156,181,138,100,127,64,89,86,161,131,90,265,240,129,101,196,155,167,140,148,222,126,148,113,321,76,100
SOPÓ,203,126,164,152,175,182,247,162,45,103,276,229,24,272,147,113,215,28,122,128,49,40,48,98,181,160,82,98,162,182,73,107,151,190,22,108,137,219,118,129,206,34,251,41,143,178,231,214,117,36,142,244,197,116,122,62,87,95,327,110,238,54,230,157,134,104,213,198,319,174,267,247,173,165,180,217,127,223,188,116,197,166,36,110,145,129,87,1,69,43,152,117,74,46,63,129,64,169,91,196,19,208,155,148,149,192,238,163,169,84,166,55,145,196,264,109,36
SUBACHOQUE,181,74,141,110,153,171,195,110,62,66,264,179,48,215,155,139,163,59,130,142,99,65,46,123,170,165,23,46,176,190,51,132,140,256,72,174,204,197,106,154,156,101,221,105,91,186,239,192,183,100,119,249,146,66,149,111,55,145,336,70,221,79,211,106,84,109,218,186,328,162,216,195,123,173,128,208,105,212,210,66,145,114,86,101,134,154,97,71,1,93,102,143,100,29,89,107,32,158,140,174,69,213,221,162,157,142,227,113,117,109,170,105,94,180,269,66,61
SUESCA,228,151,189,178,201,208,272,188,71,129,301,255,50,296,173,111,241,53,148,154,32,64,74,67,207,184,108,124,188,208,99,104,177,212,28,130,160,245,143,120,232,57,277,38,169,203,257,240,139,75,167,268,223,142,96,44,113,77,309,136,263,39,256,182,160,129,238,223,318,199,292,273,199,190,206,242,153,249,204,142,223,192,18,136,171,126,112,43,94,1,178,115,86,72,75,155,90,195,73,222,33,232,177,174,174,218,264,189,195,82,190,37,171,222,288,134,60
SUPATÁ,231,122,192,158,204,222,226,159,118,115,315,170,137,207,212,219,200,123,186,198,176,139,102,203,220,119,76,94,232,246,107,212,190,333,148,251,280,248,157,234,148,178,252,182,140,242,295,243,260,156,170,203,138,58,229,188,106,222,392,121,267,159,262,98,76,66,173,237,384,213,208,243,114,229,177,259,156,262,167,40,194,105,163,152,184,234,153,147,98,170,1,223,179,124,169,158,107,209,217,225,146,167,298,218,213,133,278,78,165,189,125,182,86,230,223,115,137
SUSA,288,211,249,238,261,272,332,248,135,189,365,315,105,329,237,48,301,113,211,218,111,94,134,53,270,217,166,184,252,272,158,32,240,300,112,218,248,305,207,48,292,145,341,142,229,267,320,300,228,147,227,301,262,202,73,136,173,169,401,196,327,88,320,242,220,161,206,287,410,263,352,333,259,254,266,306,213,312,149,202,283,252,123,199,234,11,176,115,143,114,226,1,47,120,59,215,138,259,165,282,110,265,265,238,238,278,328,249,255,40,223,118,231,286,321,194,93
SUTATAUSA,244,167,205,193,216,227,288,204,90,144,321,270,61,284,192,42,256,69,167,173,85,49,89,27,226,173,121,139,207,227,114,36,196,256,68,174,204,260,163,58,248,101,296,98,185,223,276,255,183,103,183,256,218,158,53,104,128,137,369,151,283,44,275,198,176,117,226,243,364,219,308,288,214,210,222,262,169,268,143,158,238,207,78,155,190,58,132,70,98,82,181,46,1,76,14,170,94,214,133,237,65,221,221,193,194,233,283,204,210,13,178,91,186,241,277,150,48
TABIO,186,101,147,137,158,177,221,137,57,87,270,205,24,242,159,115,190,35,133,139,75,42,51,99,175,155,50,73,174,194,56,108,145,232,48,150,180,203,112,130,183,77,234,81,118,189,242,197,160,79,125,238,173,92,125,88,71,121,339,94,227,56,217,133,110,99,208,192,331,168,243,222,149,176,155,214,111,217,190,92,172,141,62,107,139,130,98,47,27,69,128,119,76,1,65,112,18,164,117,180,45,202,197,160,160,168,233,139,144,86,160,81,121,185,258,93,37
TAUSA,234,158,195,184,207,218,278,194,81,135,311,261,51,275,183,54,247,59,157,164,82,40,80,39,216,163,112,130,198,218,105,47,186,246,59,164,194,251,153,69,238,91,287,88,175,213,266,246,174,93,173,247,208,148,64,94,119,128,360,142,273,34,266,188,166,107,217,233,355,209,298,279,205,200,212,252,159,258,154,148,229,198,69,146,180,69,122,61,89,72,172,58,15,67,1,161,85,205,123,228,56,211,211,184,184,224,274,195,201,25,169,88,177,232,267,140,39
TENA,81,103,42,63,53,135,156,140,97,63,228,235,117,272,156,210,192,102,130,160,155,137,81,194,106,250,88,78,194,190,60,203,103,312,128,230,260,98,70,225,212,157,129,161,121,186,239,92,239,132,20,305,203,122,220,167,61,201,336,60,122,151,112,163,140,194,303,150,328,126,242,168,179,173,91,109,35,175,285,122,175,143,142,65,97,225,61,127,107,149,158,214,171,111,160,1,95,122,196,75,125,297,277,180,157,198,191,169,146,181,255,161,151,80,325,71,132
TENJO,170,86,131,122,142,161,207,123,54,71,254,189,41,226,148,132,175,52,123,134,93,59,35,116,159,172,42,58,169,183,40,125,129,249,65,167,197,187,96,147,167,94,218,99,103,178,232,181,177,93,109,255,157,77,142,105,54,138,329,77,211,73,201,117,94,116,225,176,320,152,227,207,133,165,141,198,95,201,207,76,157,126,79,91,123,147,90,64,35,86,112,136,93,17,82,96,1,148,134,163,62,219,214,155,150,152,216,123,129,103,177,98,105,169,275,79,54
TIBACUY,132,151,142,174,128,75,172,188,127,126,167,268,161,305,177,254,241,154,151,185,197,181,129,238,143,294,136,127,219,212,108,247,46,352,169,270,299,114,56,269,253,196,143,203,169,207,260,149,279,160,131,377,251,171,264,209,109,242,357,108,129,195,103,211,188,238,347,89,349,68,258,205,227,194,202,108,107,116,329,170,223,192,183,83,25,269,82,168,156,190,206,258,215,159,204,118,143,1,238,131,166,341,317,205,178,246,130,217,195,225,299,202,199,98,379,131,176
TIBIRITA,273,196,234,222,245,252,317,232,115,173,346,299,94,340,217,159,285,98,192,198,60,109,118,114,251,229,152,168,232,252,143,152,221,199,73,115,147,289,188,153,277,101,321,82,213,248,301,284,142,120,212,312,267,186,133,30,157,31,250,180,308,91,300,227,204,173,282,268,258,244,337,317,243,235,250,287,197,293,256,186,267,236,63,180,215,174,157,87,139,72,222,163,137,116,128,199,134,239,1,266,78,277,164,218,219,262,308,233,239,130,234,66,215,266,332,179,104
TOCAIMA,26,172,37,122,23,140,95,176,166,132,197,190,185,227,224,279,188,171,199,229,224,205,150,263,79,318,156,147,263,259,128,272,119,381,196,299,328,42,140,294,175,226,68,230,187,254,308,31,308,201,58,293,271,191,289,236,130,270,405,129,66,219,57,231,209,262,371,119,396,141,181,107,248,241,114,53,107,165,353,191,152,212,211,134,127,294,129,195,176,218,227,283,239,179,229,75,164,127,265,1,194,366,346,249,226,235,159,238,168,249,324,229,219,32,301,130,201
TOCANCIPÁ,202,125,163,151,174,182,246,162,45,103,275,228,24,268,147,110,214,27,121,127,35,36,48,89,180,156,81,97,162,182,72,103,150,202,7,120,150,219,117,125,206,47,250,41,143,177,230,213,129,49,141,240,196,116,107,47,86,80,312,109,237,42,229,156,134,100,209,197,321,173,266,246,172,164,180,216,127,222,184,116,196,165,21,109,144,125,86,17,68,28,151,114,71,46,60,128,64,169,76,195,1,204,167,148,148,191,237,162,168,80,162,40,144,196,260,108,32
TOPAIPÍ,375,237,336,293,347,359,315,264,222,282,452,230,192,182,324,263,300,200,298,305,233,184,221,248,357,52,239,262,339,359,245,257,327,393,205,311,341,384,294,279,243,238,341,239,245,354,407,376,320,240,314,154,116,193,273,245,260,279,511,283,356,204,408,154,177,109,187,374,496,350,250,349,191,341,302,396,300,399,209,213,299,206,219,286,321,279,263,208,216,227,174,267,224,207,213,301,225,346,274,369,203,1,358,325,325,176,415,181,271,234,139,238,186,373,114,283,182
UBALÁ,350,273,311,300,323,330,394,310,193,251,423,377,172,419,295,261,363,175,269,250,181,188,196,235,328,308,230,246,284,330,220,254,299,80,169,50,68,367,265,274,354,125,399,139,291,325,379,362,75,157,289,391,344,264,253,167,235,133,220,258,385,193,378,304,282,252,361,345,262,321,414,395,321,312,328,364,275,370,336,264,345,314,158,258,293,276,234,152,216,175,300,265,222,194,211,276,212,317,163,344,167,356,1,270,296,340,386,311,317,232,313,186,292,344,411,256,183
UBAQUE,270,207,231,230,243,231,328,243,148,181,307,329,143,366,57,236,296,137,70,31,179,163,171,221,229,276,182,182,27,92,161,230,199,315,152,233,263,271,166,252,306,160,300,167,224,86,152,282,242,123,209,360,297,216,247,191,165,225,236,185,286,177,279,256,234,220,329,246,228,222,366,328,273,73,261,265,193,271,311,216,278,247,166,158,193,252,135,151,194,173,252,240,197,159,187,197,185,218,220,264,149,324,280,1,77,292,287,263,250,207,282,185,245,245,380,186,159
UNE,231,167,192,190,203,191,288,203,108,141,267,289,143,326,33,236,256,137,30,110,179,163,131,221,190,276,142,142,105,58,121,229,160,334,151,252,281,231,126,251,266,179,260,185,184,63,82,242,261,142,170,359,257,176,246,191,125,225,214,145,246,177,239,217,194,220,329,206,205,182,327,288,233,50,222,225,154,232,311,176,238,207,165,119,154,251,95,150,154,173,212,240,197,159,186,157,145,178,220,224,149,324,299,78,1,252,247,223,210,207,281,184,205,205,379,146,158
ÚTICA,246,112,246,168,257,276,143,139,161,160,369,59,180,83,255,274,127,166,229,241,219,200,145,258,274,125,119,136,275,289,150,267,244,376,191,294,323,211,211,289,70,221,169,225,120,285,338,203,303,199,224,83,63,82,284,231,158,265,435,175,184,214,235,104,84,163,241,291,427,267,96,224,47,272,177,223,210,316,263,99,174,81,206,206,238,289,196,190,141,213,134,278,235,167,224,211,150,263,260,235,189,172,341,261,256,1,332,113,146,244,193,225,61,284,158,160,196
VENECIA,139,221,181,244,167,92,179,260,196,195,37,275,230,312,246,323,273,223,220,254,266,250,198,308,212,363,205,196,288,281,177,316,104,421,238,339,368,121,125,338,260,265,150,272,238,276,329,181,348,229,202,377,320,240,333,278,179,312,426,178,136,264,129,280,258,307,416,44,418,126,265,212,296,263,258,115,176,76,398,240,237,261,252,156,112,338,151,237,225,260,275,327,284,228,273,187,213,131,307,163,235,411,386,274,247,315,1,287,252,294,368,271,268,175,385,200,245
VERGARA,242,129,203,169,214,232,219,157,128,125,326,163,148,200,222,241,193,133,196,208,186,168,112,225,231,128,86,105,242,257,118,234,201,343,159,261,291,258,168,256,141,188,245,192,138,252,305,253,270,166,181,171,69,49,251,198,116,232,402,131,260,182,272,29,29,141,247,248,394,223,201,242,91,239,187,269,166,273,242,66,192,98,173,162,195,256,163,158,108,180,75,245,202,135,191,168,117,219,227,235,156,176,308,228,223,126,288,1,164,212,199,192,79,241,191,125,163
VIANÍ,181,44,151,89,162,208,77,8,136,92,286,114,155,151,212,248,46,140,186,201,194,175,119,233,207,223,92,69,235,247,100,242,177,351,166,269,298,146,144,263,92,195,103,200,29,242,296,138,278,174,137,217,164,131,258,206,90,239,393,108,118,189,170,148,128,221,336,208,384,200,145,78,133,229,65,158,143,249,322,128,28,75,180,139,171,264,134,165,114,187,164,252,209,141,198,144,125,195,235,170,163,271,316,221,213,152,248,157,1,219,288,199,96,188,225,92,171
VILLA DE SAN DIEGO DE UBATE,255,178,216,204,227,239,299,215,101,156,332,281,72,295,204,31,267,80,178,184,78,60,101,20,237,184,132,150,219,238,125,28,207,267,79,185,215,272,174,50,259,112,307,109,196,234,287,266,194,114,194,267,229,169,45,102,139,136,368,163,294,55,286,209,187,128,188,254,377,230,319,299,225,221,233,273,180,279,131,169,250,218,90,166,201,50,143,81,110,81,192,39,14,87,25,181,105,225,132,248,76,232,232,204,205,244,294,216,221,1,189,84,197,252,288,161,59
VILLAGÓMEZ,332,246,292,283,304,315,336,283,178,239,408,250,148,202,280,220,320,156,254,261,189,141,177,204,313,91,195,218,295,315,202,213,284,349,161,267,297,348,250,235,263,194,362,195,264,310,364,343,277,196,270,174,136,188,230,201,216,235,467,239,377,160,363,174,206,65,49,330,452,306,270,367,211,297,301,349,256,356,106,170,318,236,176,243,278,235,219,164,173,183,130,224,181,164,170,258,182,302,230,325,159,139,314,281,281,197,371,208,290,190,1,195,216,329,194,239,138
VILLAPINZÓN,238,161,199,187,210,218,282,197,80,138,311,264,59,305,182,113,250,63,157,163,13,74,83,69,216,194,117,133,198,217,108,106,186,221,38,139,169,254,153,87,242,66,286,47,178,213,266,249,148,85,177,277,232,151,67,37,122,71,303,145,273,56,265,192,169,138,247,233,311,209,302,282,208,200,215,252,163,258,221,151,232,201,28,145,180,128,122,53,104,37,187,117,91,81,87,164,99,204,66,231,43,242,186,183,184,227,273,198,204,84,199,1,180,231,297,144,69
VILLETA,227,53,188,110,199,217,150,81,112,101,311,94,132,130,206,225,123,117,181,192,170,152,96,210,216,130,70,78,227,241,102,218,186,327,143,245,275,218,153,240,71,172,176,176,62,236,290,211,255,151,166,142,71,33,235,183,99,216,387,117,191,166,242,56,35,152,258,233,378,209,131,166,40,223,119,230,152,258,253,50,116,22,157,148,180,240,143,142,92,164,86,229,186,119,175,153,102,204,212,220,140,178,292,212,207,59,273,64,88,196,210,176,1,226,204,101,147
VIOTÁ,39,178,44,129,30,153,114,180,151,138,210,210,185,247,201,278,208,179,176,210,221,205,156,263,47,318,163,153,244,236,134,272,132,376,194,294,324,56,112,294,195,221,87,227,194,231,285,51,303,185,65,312,277,197,289,233,136,267,382,135,80,219,70,237,215,262,371,132,373,155,200,127,254,218,121,67,77,178,353,197,172,218,208,108,121,294,106,193,182,215,233,282,239,186,229,81,170,96,262,33,191,366,341,230,203,273,172,244,187,249,324,227,225,1,321,137,201
YACOPÍ,311,253,324,309,310,360,208,229,274,301,416,123,245,75,377,316,192,253,351,357,286,237,274,301,365,123,245,277,392,411,277,309,339,446,258,364,393,276,347,331,136,291,234,292,250,407,460,269,373,292,345,58,129,209,326,298,299,331,563,316,249,257,300,170,193,162,240,338,549,361,142,269,202,394,286,288,351,384,262,225,247,222,272,339,347,331,316,260,269,279,227,320,277,260,266,352,278,366,327,300,255,114,411,378,378,158,379,196,227,287,192,291,205,318,1,301,234
ZIPACÓN,138,51,99,44,110,147,172,88,76,31,241,199,96,236,151,189,140,81,125,140,135,116,60,174,146,237,46,26,174,186,39,183,116,292,107,210,239,155,83,204,176,136,186,141,69,181,234,149,219,111,77,265,163,82,199,147,29,180,331,47,179,130,169,122,100,175,290,163,323,138,236,172,139,168,99,166,81,188,276,82,123,91,121,78,110,205,73,106,69,128,118,193,150,90,139,73,75,134,176,131,104,285,257,160,152,158,203,129,95,160,242,140,112,137,285,1,112
ZIPAQUIRÁ,209,132,170,159,182,193,253,169,56,110,286,236,26,241,158,88,222,34,132,139,63,15,55,73,191,130,87,105,173,193,80,81,161,224,36,142,171,226,128,103,213,68,262,69,150,188,241,221,151,70,148,213,174,123,98,76,94,109,341,117,248,29,241,163,141,74,183,208,330,184,273,254,180,175,187,227,134,233,163,123,204,173,50,120,155,103,97,38,64,57,138,92,49,41,38,136,59,180,105,203,33,177,189,159,159,199,249,170,176,59,135,69,152,207,233,115,1